# lap_count, lap_success, laptime, completion, NA, NA, aveTrackErr, Computation_time
1.000000  ,0.000000  ,1.600000  ,0.950000  ,0.000000  ,0.000000  ,0.003095  ,1.461189  
2.000000  ,0.000000  ,23.180000 ,47.590000 ,0.000000  ,0.000000  ,0.020603  ,26.238206 
3.000000  ,0.000000  ,6.220000  ,13.250000 ,0.000000  ,0.000000  ,0.009688  ,8.316004  
4.000000  ,0.000000  ,5.480000  ,11.190000 ,0.000000  ,0.000000  ,0.009235  ,6.991170  
5.000000  ,0.000000  ,4.960000  ,11.190000 ,0.000000  ,0.000000  ,0.006589  ,7.299070  
