# lap_count, lap_success, laptime, completion, NA, NA, aveTrackErr, Computation_time
1.000000  ,0.000000  ,2.600000  ,0.860000  ,0.000000  ,0.000000  ,0.007809  ,2.845076  
2.000000  ,0.000000  ,2.600000  ,0.860000  ,0.000000  ,0.000000  ,0.007801  ,2.894738  
3.000000  ,0.000000  ,2.600000  ,0.860000  ,0.000000  ,0.000000  ,0.007801  ,3.053271  
4.000000  ,0.000000  ,2.600000  ,0.860000  ,0.000000  ,0.000000  ,0.007801  ,3.127870  
5.000000  ,0.000000  ,2.600000  ,0.860000  ,0.000000  ,0.000000  ,0.007801  ,3.203251  
