# lap_count, lap_success, laptime, completion, NA, NA, aveTrackErr, Computation_time
1.000000  ,0.000000  ,2.560000  ,4.170000  ,0.000000  ,0.000000  ,0.010928  ,2.707745  
2.000000  ,0.000000  ,1.300000  ,1.040000  ,0.000000  ,0.000000  ,0.004654  ,1.392479  
3.000000  ,0.000000  ,1.300000  ,1.160000  ,0.000000  ,0.000000  ,0.004684  ,1.437195  
4.000000  ,0.000000  ,1.300000  ,1.160000  ,0.000000  ,0.000000  ,0.004680  ,1.434598  
5.000000  ,0.000000  ,1.300000  ,1.160000  ,0.000000  ,0.000000  ,0.004681  ,1.443029  
