# lap_count, lap_success, laptime, completion, NA, NA, aveTrackErr, Computation_time
1.000000  ,0.000000  ,24.140000 ,67.820000 ,0.000000  ,0.000000  ,0.015920  ,28.151415 
2.000000  ,0.000000  ,4.660000  ,13.080000 ,0.000000  ,0.000000  ,0.005549  ,6.241574  
3.000000  ,0.000000  ,1.500000  ,1.160000  ,0.000000  ,0.000000  ,0.006006  ,2.066599  
4.000000  ,0.000000  ,1.500000  ,1.160000  ,0.000000  ,0.000000  ,0.006006  ,2.040073  
5.000000  ,0.000000  ,1.500000  ,1.160000  ,0.000000  ,0.000000  ,0.006006  ,2.060055  
