# lap_count, lap_success, laptime, completion, NA, NA, aveTrackErr, Computation_time
1.000000  ,0.000000  ,2.920000  ,2.530000  ,0.000000  ,0.000000  ,0.004600  ,3.403918  
2.000000  ,0.000000  ,2.920000  ,2.530000  ,0.000000  ,0.000000  ,0.004564  ,3.493618  
3.000000  ,0.000000  ,2.920000  ,2.530000  ,0.000000  ,0.000000  ,0.004564  ,3.609303  
4.000000  ,0.000000  ,2.920000  ,2.530000  ,0.000000  ,0.000000  ,0.004564  ,3.705531  
5.000000  ,0.000000  ,2.920000  ,2.530000  ,0.000000  ,0.000000  ,0.004564  ,3.807614  
