# lap_count, lap_success, laptime, completion, NA, NA, aveTrackErr, Computation_time
1.000000  ,0.000000  ,3.980000  ,9.820000  ,0.000000  ,0.000000  ,0.006276  ,4.001723  
2.000000  ,0.000000  ,22.880000 ,58.100000 ,0.000000  ,0.000000  ,0.018308  ,27.814471 
3.000000  ,0.000000  ,3.720000  ,9.410000  ,0.000000  ,0.000000  ,0.005938  ,5.169969  
4.000000  ,0.000000  ,9.760000  ,26.210000 ,0.000000  ,0.000000  ,0.011419  ,14.297983 
5.000000  ,0.000000  ,3.860000  ,9.620000  ,0.000000  ,0.000000  ,0.006349  ,5.944734  
